full_name,name,owner,html_url,description,created_at,updated_at,pushed_at,size,language,forks_count,stargazers_count,subscribers_count,watchers_count,network_count,archived,total_lines,langs_percentage,issues_count,closed_issues_count,open_issues_count,total_issues_count,closed_pulls_count,open_pulls_count,total_pulls_count,merged_pulls_count,commits_count,first_commit_date,last_commit_date,branches_count,topics,contributors_count
googlesamples/android-play-games-in-motion,android-play-games-in-motion,googlesamples,https://github.com/googlesamples/android-play-games-in-motion,,2015-04-16 23:42:47+00:00,2024-08-01 23:09:40+00:00,2015-08-30 03:45:33+00:00,2223,Java,49,152,26,152,49,True,233049,{'Java': '100.00%'},2,1,1,2,0,0,0,0,6,2015-04-11 05:01:50+00:00,2015-04-30 19:19:37+00:00,1,(),1
googlesamples/android-PermissionRequest,android-PermissionRequest,googlesamples,https://github.com/googlesamples/android-PermissionRequest,,2014-12-15 19:50:35+00:00,2023-05-27 04:14:44+00:00,2018-02-16 00:37:37+00:00,838,Java,46,95,24,95,46,True,59795,"{'Java': '93.53%', 'JavaScript': '3.60%', 'CSS': '1.45%', 'HTML': '1.43%'}",3,0,3,3,0,0,0,0,21,2014-12-15 19:50:35+00:00,2018-02-16 00:37:34+00:00,1,(),1
googlesamples/dcp-parser-go,dcp-parser-go,googlesamples,https://github.com/googlesamples/dcp-parser-go,,2015-04-15 02:56:21+00:00,2024-03-17 13:19:19+00:00,2015-04-20 17:38:20+00:00,115,Go,10,9,8,9,10,True,39914,{'Go': '100.00%'},0,0,0,0,0,0,0,0,5,2015-03-20 23:46:09+00:00,2015-04-20 17:35:27+00:00,1,(),1
googlesamples/identity-toolkit-django,identity-toolkit-django,googlesamples,https://github.com/googlesamples/identity-toolkit-django,,2014-12-16 23:46:04+00:00,2023-01-27 22:48:55+00:00,2015-08-02 02:26:29+00:00,156,,9,2,16,2,9,True,0,{},1,1,0,1,1,0,1,0,1,2014-12-16 23:46:04+00:00,2014-12-16 23:46:04+00:00,1,(),1
googlesamples/identity-toolkit-ruby,identity-toolkit-ruby,googlesamples,https://github.com/googlesamples/identity-toolkit-ruby,,2014-07-18 18:20:43+00:00,2023-01-27 22:48:55+00:00,2015-08-31 19:34:44+00:00,137,HTML,12,4,16,4,12,True,3780,"{'HTML': '52.57%', 'Ruby': '47.43%'}",3,3,0,3,3,0,3,3,7,2014-07-24 03:23:33+00:00,2015-08-31 19:34:44+00:00,1,(),5
googlesamples/cloud-polymer-go,cloud-polymer-go,googlesamples,https://github.com/googlesamples/cloud-polymer-go,"Sample App Engine application with Go, Cloud Endpoints, and Polymer",2015-03-21 01:27:26+00:00,2024-04-29 21:35:31+00:00,2015-12-04 05:18:27+00:00,21,HTML,33,118,15,118,33,True,17825,"{'HTML': '73.78%', 'Go': '26.22%'}",9,5,4,9,3,1,4,2,12,2015-03-21 01:03:07+00:00,2015-12-04 05:17:59+00:00,2,(),3
googlesamples/identity-toolkit-php,identity-toolkit-php,googlesamples,https://github.com/googlesamples/identity-toolkit-php,,2014-07-18 18:20:49+00:00,2023-01-27 22:33:40+00:00,2017-11-14 12:48:31+00:00,176,PHP,24,15,20,15,24,True,831,{'PHP': '100.00%'},6,5,1,6,3,1,4,3,8,2014-07-19 00:20:51+00:00,2015-07-01 04:38:20+00:00,2,(),4
googlesamples/identity-toolkit-node,identity-toolkit-node,googlesamples,https://github.com/googlesamples/identity-toolkit-node,,2014-10-16 18:53:13+00:00,2024-05-21 06:22:31+00:00,2016-08-03 19:00:33+00:00,21,JavaScript,19,29,18,29,19,True,8647,"{'JavaScript': '83.91%', 'HTML': '16.09%'}",8,7,1,8,5,0,5,5,17,2014-10-16 18:53:13+00:00,2016-08-03 18:58:10+00:00,1,(),7
googlesamples/identity-toolkit-java,identity-toolkit-java,googlesamples,https://github.com/googlesamples/identity-toolkit-java,,2014-07-18 18:19:18+00:00,2024-04-16 22:52:50+00:00,2015-12-21 22:44:47+00:00,6543,Java,24,23,23,23,24,True,6144,"{'Java': '78.16%', 'HTML': '21.84%'}",6,4,2,6,4,1,5,4,10,2014-07-19 03:27:51+00:00,2015-12-21 22:44:25+00:00,1,(),5
googlesamples/io2014-codelabs,io2014-codelabs,googlesamples,https://github.com/googlesamples/io2014-codelabs,Google I/O 2014 Codelabs,2014-06-14 01:43:21+00:00,2023-01-27 22:48:55+00:00,2015-08-30 03:40:54+00:00,3870,Java,56,177,29,177,56,True,766343,"{'Java': '77.74%', 'JavaScript': '10.70%', 'Go': '5.35%', 'CSS': '2.45%', 'Dart': '2.32%', 'Groovy': '1.45%'}",23,17,6,23,3,3,6,2,15,2014-06-25 07:44:19+00:00,2014-08-08 21:16:38+00:00,1,(),5
googlesamples/android-AppUsageStatistics,android-AppUsageStatistics,googlesamples,https://github.com/googlesamples/android-AppUsageStatistics,,2014-12-15 19:49:51+00:00,2024-07-25 21:09:57+00:00,2021-06-23 08:09:08+00:00,808,Java,115,366,46,366,115,False,20961,{'Java': '100.00%'},19,5,14,19,1,6,7,0,22,2014-12-15 19:49:52+00:00,2021-02-27 21:00:59+00:00,1,(),2
googlesamples/identity-toolkit-ios,identity-toolkit-ios,googlesamples,https://github.com/googlesamples/identity-toolkit-ios,,2014-07-18 18:20:51+00:00,2023-01-28 12:59:55+00:00,2015-08-06 20:38:16+00:00,7261,Objective-C,17,14,20,14,17,True,20556,"{'Objective-C': '99.56%', 'Ruby': '0.44%'}",11,8,3,11,7,1,8,7,17,2014-07-19 00:22:45+00:00,2015-08-06 20:38:14+00:00,1,(),5
googlesamples/identity-toolkit-go,identity-toolkit-go,googlesamples,https://github.com/googlesamples/identity-toolkit-go,Identity toolkit sample code for Go,2014-10-01 18:03:36+00:00,2024-07-09 09:48:48+00:00,2016-05-25 03:48:55+00:00,35,Go,31,25,19,25,31,True,23192,"{'Go': '98.59%', 'Shell': '1.41%'}",13,9,4,13,8,1,9,7,25,2014-10-01 18:45:57+00:00,2016-04-14 19:18:22+00:00,1,(),7
googlesamples/web-fundamentals,web-fundamentals,googlesamples,https://github.com/googlesamples/web-fundamentals,Google Web Fundamentals,2014-05-13 22:08:22+00:00,2024-07-19 03:15:02+00:00,2020-12-04 17:51:23+00:00,69887,HTML,201,309,48,309,201,False,420286,"{'HTML': '92.67%', 'JavaScript': '3.94%', 'CSS': '3.39%'}",10,7,3,10,7,3,10,3,76,2014-09-09 18:00:44+00:00,2020-12-04 17:51:06+00:00,3,(),7
googlesamples/brillo-dragonboard-jacksmart,brillo-dragonboard-jacksmart,googlesamples,https://github.com/googlesamples/brillo-dragonboard-jacksmart,,2016-02-09 10:33:17+00:00,2021-05-23 22:51:49+00:00,2021-01-22 21:12:33+00:00,2665,,14,12,7,12,14,False,0,{},2,2,0,2,1,0,1,1,6,2016-02-16 19:26:02+00:00,2021-01-22 21:12:16+00:00,1,(),1
googlesamples/snippets,snippets,googlesamples,https://github.com/googlesamples/snippets,Hosting for miscellaneous code snippets,2016-03-23 07:37:29+00:00,2023-07-12 02:03:19+00:00,2016-03-23 07:45:57+00:00,11,,9,2,6,2,9,True,0,{},0,0,0,0,0,0,0,0,3,2016-03-11 06:52:34+00:00,2016-03-23 07:45:27+00:00,1,(),1
googlesamples/io2015-codelabs,io2015-codelabs,googlesamples,https://github.com/googlesamples/io2015-codelabs,codelabs for Google I/O 2015,2015-05-20 02:41:51+00:00,2024-07-19 22:04:14+00:00,2020-09-30 12:55:30+00:00,182515,Java,165,517,50,517,165,True,1613196,"{'Java': '42.63%', 'JavaScript': '34.32%', 'Objective-C': '18.15%', 'HTML': '3.11%', 'CSS': '0.70%', 'Go': '0.68%', 'Python': '0.23%', 'Protocol Buffer': '0.14%', 'Ruby': '0.02%'}",163,49,114,163,5,4,9,3,93,2015-05-20 01:31:49+00:00,2016-06-26 11:36:24+00:00,2,(),14
googlesamples/onetwoseven,onetwoseven,googlesamples,https://github.com/googlesamples/onetwoseven,Programmers debugging web server.,2016-04-08 03:46:43+00:00,2023-01-27 22:42:32+00:00,2017-01-04 15:14:56+00:00,4,Go,8,16,5,16,8,True,3528,{'Go': '100.00%'},0,0,0,0,0,0,0,0,5,2016-03-02 20:15:49+00:00,2017-01-04 15:14:55+00:00,1,(),1
googlesamples/ios-nearby,ios-nearby,googlesamples,https://github.com/googlesamples/ios-nearby,,2015-08-18 22:44:41+00:00,2024-07-23 07:32:35+00:00,2018-09-19 21:44:06+00:00,43,Objective-C,30,68,19,68,30,True,39447,"{'Objective-C': '78.90%', 'Swift': '20.33%', 'Ruby': '0.77%'}",50,17,33,50,7,0,7,7,31,2015-07-07 20:06:08+00:00,2018-09-19 21:43:26+00:00,2,(),3
googlesamples/androidtv-sample-inputs,androidtv-sample-inputs,googlesamples,https://github.com/googlesamples/androidtv-sample-inputs,Sample Channel App (TV Input Service) on Android TV using TIF,2014-11-20 22:18:21+00:00,2024-08-07 12:22:17+00:00,2024-01-01 13:20:20+00:00,24208,Java,238,487,73,487,238,False,538170,{'Java': '100.00%'},68,24,44,68,2,8,10,0,216,2014-11-21 00:33:20+00:00,2019-02-20 18:10:40+00:00,1,(),10
googlesamples/android-play-publisher-api,android-play-publisher-api,googlesamples,https://github.com/googlesamples/android-play-publisher-api,,2014-07-03 01:26:35+00:00,2024-06-17 19:59:05+00:00,2023-04-13 11:24:34+00:00,30,Java,286,491,56,491,286,True,45818,"{'Java': '65.85%', 'Python': '34.15%'}",76,30,46,76,10,4,14,7,19,2014-07-16 12:59:28+00:00,2023-04-13 11:24:34+00:00,1,(),8
googlesamples/Firebase-Plays-GCP-2016,Firebase-Plays-GCP-2016,googlesamples,https://github.com/googlesamples/Firebase-Plays-GCP-2016,,2016-09-19 19:14:45+00:00,2023-01-27 22:33:41+00:00,2017-12-14 18:31:03+00:00,1005,JavaScript,19,14,9,14,19,True,30099,"{'JavaScript': '65.43%', 'HTML': '34.57%'}",1,1,0,1,1,0,1,1,3,2016-09-22 02:51:36+00:00,2017-12-14 18:31:02+00:00,1,(),1
googlesamples/android-testing-templates,android-testing-templates,googlesamples,https://github.com/googlesamples/android-testing-templates,,2015-02-24 01:57:36+00:00,2024-07-27 05:16:44+00:00,2022-11-15 07:59:11+00:00,167,Java,303,1960,130,1960,303,False,50364,"{'Java': '51.78%', 'Kotlin': '47.04%', 'Prolog': '1.18%'}",39,30,9,39,14,4,18,6,28,2015-08-03 19:35:56+00:00,2018-02-09 14:49:54+00:00,4,(),5
googlesamples/ios-vision,ios-vision,googlesamples,https://github.com/googlesamples/ios-vision,,2016-12-03 01:33:41+00:00,2024-07-23 07:32:29+00:00,2017-11-03 11:43:22+00:00,435,Objective-C,40,93,21,93,40,True,96008,"{'Objective-C': '99.58%', 'Ruby': '0.42%'}",36,5,31,36,0,3,3,0,2,2016-09-06 22:22:40+00:00,2017-05-16 01:47:49+00:00,1,(),2
googlesamples/testloopmanager,testloopmanager,googlesamples,https://github.com/googlesamples/testloopmanager,,2017-05-11 11:18:43+00:00,2021-05-04 07:35:59+00:00,2019-10-08 22:57:15+00:00,177,Java,15,8,13,8,15,False,27162,{'Java': '100.00%'},4,3,1,4,3,1,4,1,7,2017-03-13 18:25:56+00:00,2019-10-02 19:30:01+00:00,1,(),2
googlesamples/mugo,mugo,googlesamples,https://github.com/googlesamples/mugo,Sample on how to transpile a small subset of go to Arduino sketches,2016-05-03 19:52:41+00:00,2023-12-10 16:40:02+00:00,2016-07-10 22:34:44+00:00,26,Go,16,47,9,47,16,True,13709,"{'Go': '94.76%', 'Arduino': '5.24%'}",17,9,8,17,8,2,10,6,19,2016-05-03 19:51:38+00:00,2016-06-11 06:37:14+00:00,4,(),2
googlesamples/android-TensorFlowCloudMachineLearningEngineStylizer,android-TensorFlowCloudMachineLearningEngineStylizer,googlesamples,https://github.com/googlesamples/android-TensorFlowCloudMachineLearningEngineStylizer,,2018-02-21 16:36:37+00:00,2023-12-09 00:28:26+00:00,2018-02-26 21:44:13+00:00,4115,Java,9,14,10,14,9,True,56655,{'Java': '100.00%'},0,0,0,0,0,0,0,0,2,2017-08-22 23:14:52+00:00,2017-08-29 03:27:09+00:00,1,(),1
googlesamples/android-play-safetynet,android-play-safetynet,googlesamples,https://github.com/googlesamples/android-play-safetynet,Samples for the Google SafetyNet Attestation API,2016-10-28 02:01:41+00:00,2024-08-06 23:25:12+00:00,2022-07-27 07:20:18+00:00,409,Java,133,287,28,287,133,True,75707,"{'Java': '71.98%', 'C#': '28.02%'}",35,11,24,35,4,5,9,2,26,2016-08-17 04:48:11+00:00,2022-07-27 06:13:59+00:00,2,"('android', 'java', 'play-services', 'safetynet-api', 'security', 'verification', 'verify')",5
googlesamples/oauth-apps-for-windows,oauth-apps-for-windows,googlesamples,https://github.com/googlesamples/oauth-apps-for-windows,OAuth for Apps: Samples for Windows,2016-06-29 18:24:11+00:00,2024-08-07 08:11:15+00:00,2024-01-06 16:42:14+00:00,71,C#,184,462,39,462,184,False,47189,{'C#': '100.00%'},13,3,10,13,3,10,13,2,8,2016-07-01 21:36:55+00:00,2022-03-04 22:28:10+00:00,3,(),3
googlesamples/assistant-sdk-nodejs,assistant-sdk-nodejs,googlesamples,https://github.com/googlesamples/assistant-sdk-nodejs,,2018-05-07 21:27:51+00:00,2024-05-04 11:23:15+00:00,2018-11-27 19:33:01+00:00,14,JavaScript,27,93,13,93,27,False,4574,{'JavaScript': '100.00%'},14,8,6,14,1,0,1,1,7,2017-12-14 22:07:46+00:00,2018-11-27 19:33:00+00:00,1,(),2
googlesamples/arcore-lightboard,arcore-lightboard,googlesamples,https://github.com/googlesamples/arcore-lightboard,,2018-05-10 05:39:16+00:00,2024-08-06 23:25:12+00:00,2018-11-19 07:51:38+00:00,85724,C#,32,97,11,97,32,True,757564,"{'C#': '94.02%', 'ShaderLab': '4.88%', 'Python': '1.03%', 'Objective-C++': '0.07%'}",1,0,1,1,0,0,0,0,3,2018-05-10 05:44:50+00:00,2018-11-19 07:51:37+00:00,1,"('android', 'arcore', 'arkit', 'ios', 'unity3d')",2
googlesamples/sceneform-samples,sceneform-samples,googlesamples,https://github.com/googlesamples/sceneform-samples,Sceneform samples for 3D rendering for ARCore in Java.,2018-08-08 00:18:33+00:00,2023-12-07 08:49:32+00:00,2018-12-06 22:12:32+00:00,19502,Java,22,87,15,87,22,True,54246,{'Java': '100.00%'},5,1,4,5,0,0,0,0,19,2018-07-26 22:39:09+00:00,2018-08-17 17:21:09+00:00,2,"('3d-graphics', 'arcore', 'java', 'sceneform')",1
googlesamples/arcore-illusive-images,arcore-illusive-images,googlesamples,https://github.com/googlesamples/arcore-illusive-images,,2018-05-08 19:09:27+00:00,2024-07-08 15:10:04+00:00,2018-12-28 09:53:33+00:00,82492,C#,25,62,13,62,25,True,683465,"{'C#': '97.56%', 'ShaderLab': '2.37%', 'Objective-C++': '0.08%'}",2,2,0,2,2,0,2,2,9,2018-05-10 07:53:03+00:00,2018-12-28 09:53:32+00:00,1,(),2
googlesamples/sceneform-poly-browser,sceneform-poly-browser,googlesamples,https://github.com/googlesamples/sceneform-poly-browser,,2018-12-19 21:45:19+00:00,2020-10-01 06:03:25+00:00,2018-12-20 18:49:35+00:00,130,Java,5,6,6,6,5,False,49204,{'Java': '100.00%'},0,0,0,0,0,0,0,0,3,2018-12-07 18:12:47+00:00,2018-12-10 21:01:39+00:00,1,(),1
googlesamples/pluscode-swift-demo,pluscode-swift-demo,googlesamples,https://github.com/googlesamples/pluscode-swift-demo,An example Plus Code service written in Swift,2019-04-16 23:21:03+00:00,2020-09-19 08:44:40+00:00,2019-07-31 07:40:48+00:00,9,Swift,5,2,8,2,5,False,4701,"{'Swift': '81.64%', 'Dockerfile': '18.36%'}",0,0,0,0,0,0,0,0,5,2019-04-06 23:54:11+00:00,2019-07-31 07:40:31+00:00,1,(),1
googlesamples/assistant-sdk-cpp,assistant-sdk-cpp,googlesamples,https://github.com/googlesamples/assistant-sdk-cpp,Example of Google Assistant gRPC in C++,2017-08-21 19:44:53+00:00,2024-06-21 15:32:20+00:00,2020-11-24 11:21:14+00:00,276,C++,44,96,19,96,44,False,63956,"{'C++': '80.63%', 'Shell': '10.05%', 'Makefile': '8.07%', 'C': '1.24%'}",83,57,26,83,10,3,13,7,33,2017-08-23 21:50:00+00:00,2019-02-21 21:01:11+00:00,3,"('cpp', 'google-assistant-api')",4
googlesamples/io19-sonic-boom,io19-sonic-boom,googlesamples,https://github.com/googlesamples/io19-sonic-boom,"Live coding demo of ""Sonic Boom!"" talk in Google I/O 2019",2019-05-02 20:49:04+00:00,2023-10-07 07:45:11+00:00,2019-05-09 02:12:14+00:00,163,C++,4,10,10,10,4,False,92028,"{'C++': '72.16%', 'JavaScript': '14.22%', 'Java': '4.89%', 'HTML': '2.74%', 'C': '2.68%', 'CSS': '1.48%', 'Makefile': '0.93%', 'CMake': '0.89%'}",0,0,0,0,0,0,0,0,1,2019-05-09 02:08:37+00:00,2019-05-09 02:08:37+00:00,1,(),1
googlesamples/maps-deckgl-scatterplot-example,maps-deckgl-scatterplot-example,googlesamples,https://github.com/googlesamples/maps-deckgl-scatterplot-example,,2019-10-02 20:24:09+00:00,2022-08-19 14:22:54+00:00,2019-10-12 10:29:19+00:00,644,JavaScript,7,11,8,11,7,False,8199,"{'JavaScript': '51.73%', 'HTML': '44.52%', 'CSS': '3.76%'}",2,0,2,2,0,1,1,0,8,2019-10-02 00:53:07+00:00,2019-10-02 20:43:11+00:00,1,(),1
googlesamples/android-dynamic-code-loading,android-dynamic-code-loading,googlesamples,https://github.com/googlesamples/android-dynamic-code-loading,Android dynamic code loading sample for Dynamic Feature Modules.,2019-05-06 15:00:47+00:00,2024-07-11 09:39:20+00:00,2022-12-17 09:11:02+00:00,148,Kotlin,65,423,32,423,65,True,28584,{'Kotlin': '100.00%'},14,2,12,14,0,4,4,0,2,2019-04-26 12:18:34+00:00,2019-05-13 07:58:35+00:00,1,(),1
googlesamples/identity-appflip-tester-ios,identity-appflip-tester-ios,googlesamples,https://github.com/googlesamples/identity-appflip-tester-ios,Lightweight iOS app that simulates the Google app role during App Flip,2019-10-08 18:13:47+00:00,2024-03-12 12:45:12+00:00,2020-11-22 06:15:39+00:00,108,Swift,5,9,9,9,5,True,5107,{'Swift': '100.00%'},3,3,0,3,2,0,2,2,7,2019-09-10 19:15:57+00:00,2020-08-26 14:44:12+00:00,2,"('account-linking', 'authentication', 'authorization', 'ios', 'oauth2')",1
googlesamples/google-photos,google-photos,googlesamples,https://github.com/googlesamples/google-photos,Samples for the Google Photos Library API 📸,2018-05-08 16:54:43+00:00,2024-07-27 09:36:01+00:00,2024-07-09 23:03:20+00:00,1180,JavaScript,214,495,38,495,214,False,68428,"{'JavaScript': '59.26%', 'EJS': '34.92%', 'CSS': '5.82%'}",36,20,16,36,8,7,15,1,18,2018-04-26 00:36:49+00:00,2023-01-05 17:49:50+00:00,3,"('google-photos', 'sample')",3
googlesamples/identity-appflip-tester-android,identity-appflip-tester-android,googlesamples,https://github.com/googlesamples/identity-appflip-tester-android,Lightweight Android app that simulates the Google app role during App Flip,2019-10-08 18:39:13+00:00,2024-08-06 23:25:22+00:00,2020-08-26 13:36:32+00:00,186,Java,8,18,16,18,8,False,10564,{'Java': '100.00%'},6,3,3,6,2,1,3,2,7,2019-09-10 19:14:35+00:00,2020-08-25 20:25:04+00:00,1,"('account-linking', 'android', 'authentication', 'authorization', 'oauth2')",2
googlesamples/appauth-js-electron-sample,appauth-js-electron-sample,googlesamples,https://github.com/googlesamples/appauth-js-electron-sample,"This is an Electron Application, which uses the AppAuth-JS library.",2017-08-04 18:32:11+00:00,2024-05-30 09:55:49+00:00,2024-03-17 08:21:13+00:00,163,TypeScript,56,115,12,115,56,False,18060,"{'TypeScript': '86.59%', 'HTML': '10.70%', 'CSS': '2.71%'}",26,15,11,26,15,11,26,4,35,2017-06-07 00:06:48+00:00,2019-01-29 23:33:13+00:00,9,(),4
googlesamples/identity-appflip-android,identity-appflip-android,googlesamples,https://github.com/googlesamples/identity-appflip-android,Lightweight Android app that simulates your native app role during App Flip,2019-10-08 18:43:05+00:00,2024-07-26 13:58:24+00:00,2020-04-04 07:55:58+00:00,211,Java,8,34,22,34,8,True,11042,{'Java': '100.00%'},5,3,2,5,2,1,3,2,7,2019-09-10 19:17:46+00:00,2020-03-20 18:26:09+00:00,1,"('account-linking', 'android', 'authentication', 'authorization', 'oauth2')",1
googlesamples/google-signin-unity,google-signin-unity,googlesamples,https://github.com/googlesamples/google-signin-unity,Google Sign-In API plugin for Unity game engine.  Works with Android and iOS.,2017-10-12 16:40:40+00:00,2024-08-03 22:23:45+00:00,2024-07-13 16:16:15+00:00,235,C++,223,407,24,407,223,False,258556,"{'C++': '38.50%', 'Java': '31.26%', 'C#': '13.57%', 'Objective-C++': '11.70%', 'CMake': '2.49%', 'Objective-C': '1.12%', 'C': '0.70%', 'Ruby': '0.62%', 'Shell': '0.05%'}",256,75,181,256,11,12,23,2,37,2017-03-29 15:02:35+00:00,2018-09-19 16:58:19+00:00,1,(),4
googlesamples/identity-appflip-ios,identity-appflip-ios,googlesamples,https://github.com/googlesamples/identity-appflip-ios,Lightweight iOS app that simulates your native app role during App Flip,2019-10-08 18:47:45+00:00,2024-04-26 19:54:33+00:00,2020-08-26 14:41:53+00:00,46,Swift,10,10,9,10,10,False,4429,{'Swift': '100.00%'},5,5,0,5,3,0,3,3,8,2019-09-10 19:18:07+00:00,2020-08-26 14:41:51+00:00,2,"('account-linking', 'authentication', 'authorization', 'ios', 'oauth2')",1
googlesamples/functions-as-a-service,functions-as-a-service,googlesamples,https://github.com/googlesamples/functions-as-a-service,A demo showing Google Cloud Functions + Google Maps Platform,2019-05-06 19:10:37+00:00,2024-08-01 21:54:32+00:00,2024-06-11 13:41:03+00:00,364,TypeScript,11,28,7,28,11,False,5626,"{'TypeScript': '98.12%', 'Shell': '1.88%'}",15,4,11,15,1,11,12,0,9,2019-05-22 21:11:52+00:00,2019-07-22 17:13:57+00:00,12,(),1
googlesamples/android-testdpc,android-testdpc,googlesamples,https://github.com/googlesamples/android-testdpc,"Test DPC is a sample device policy controller for use with Android Enterprise. It gives developers the ability to see how their app will behave in a managed context such as device owner or within a managed profile. Users can set up a work profile, enable work apps, set applications restrictions, manage security polices, and much more. The app also serves as a implementation reference for other DPCs",2015-05-22 02:46:28+00:00,2024-08-06 02:22:38+00:00,2024-07-28 22:25:14+00:00,9172,Java,327,751,82,751,327,False,1396451,"{'Java': '99.05%', 'Starlark': '0.90%', 'AIDL': '0.04%', 'Shell': '0.00%'}",224,199,25,224,27,5,32,13,1306,2015-03-04 11:34:49+00:00,2024-06-25 22:02:54+00:00,3,(),30
googlesamples/android-vision,android-vision,googlesamples,https://github.com/googlesamples/android-vision,Deprecated: The Mobile Vision API is now a part of ML Kit: Check out this repo:,2015-07-01 21:40:31+00:00,2024-08-07 21:44:26+00:00,2023-07-01 07:16:56+00:00,735,Java,1730,2928,237,2928,1730,False,487821,{'Java': '100.00%'},471,149,322,471,26,15,41,14,77,2015-06-08 23:39:00+00:00,2019-10-07 23:23:46+00:00,1,(),14
googlesamples/gboard-dev-samples,gboard-dev-samples,googlesamples,https://github.com/googlesamples/gboard-dev-samples,,2021-02-03 22:29:17+00:00,2024-06-08 10:34:39+00:00,2021-02-03 23:29:06+00:00,1165,Java,1,4,6,4,1,False,9067,{'Java': '100.00%'},1,0,1,1,0,0,0,0,5,2021-02-03 22:42:13+00:00,2021-02-03 23:28:40+00:00,1,(),1
googlesamples/arcore-ml-sample,arcore-ml-sample,googlesamples,https://github.com/googlesamples/arcore-ml-sample,,2021-05-18 13:56:59+00:00,2024-07-16 13:00:17+00:00,2022-02-09 10:50:52+00:00,776,Java,31,71,10,71,31,False,136287,"{'Java': '64.34%', 'Kotlin': '31.73%', 'GLSL': '3.93%'}",10,2,8,10,0,0,0,0,2,2021-03-15 14:36:50+00:00,2022-02-09 10:50:52+00:00,1,(),1
googlesamples/arcore-depth-lab,arcore-depth-lab,googlesamples,https://github.com/googlesamples/arcore-depth-lab,ARCore Depth Lab is a set of Depth API samples that provides assets using depth for advanced geometry-aware features in AR interaction and rendering. (UIST 2020),2020-06-16 23:16:30+00:00,2024-08-08 12:20:40+00:00,2024-06-05 20:28:30+00:00,80334,C#,152,770,35,770,152,False,316597,"{'C#': '76.52%', 'ShaderLab': '17.87%', 'GLSL': '3.16%', 'HLSL': '2.46%'}",55,55,0,55,4,0,4,3,17,2020-06-25 22:43:42+00:00,2024-06-05 20:28:30+00:00,2,"('ar', 'arcore', 'arcore-unity', 'depth', 'depth-api', 'depthlab', 'interaction', 'mobile')",5
googlesamples/amapi,amapi,googlesamples,https://github.com/googlesamples/amapi,,2021-09-24 15:38:07+00:00,2024-04-08 15:19:09+00:00,2022-02-17 13:52:43+00:00,73,Kotlin,5,8,8,8,5,False,13234,{'Kotlin': '100.00%'},0,0,0,0,0,0,0,0,2,2021-09-27 16:18:46+00:00,2022-02-16 16:07:04+00:00,1,(),0
googlesamples/.allstar,.allstar,googlesamples,https://github.com/googlesamples/.allstar,,2022-10-26 03:32:07+00:00,2024-02-08 21:09:03+00:00,2022-12-06 23:07:03+00:00,0,,2,1,5,1,2,True,0,{},0,0,0,0,0,0,0,0,1,2022-12-06 23:07:02+00:00,2022-12-06 23:07:02+00:00,1,(),0
googlesamples/meet-live-sharing,meet-live-sharing,googlesamples,https://github.com/googlesamples/meet-live-sharing,,2022-08-24 18:34:28+00:00,2024-05-30 10:07:03+00:00,2023-10-06 18:21:45+00:00,271,Java,3,10,8,10,3,False,104405,"{'Java': '51.91%', 'Swift': '48.09%'}",1,1,0,1,1,0,1,1,7,2022-09-16 18:40:08+00:00,2023-10-06 18:21:40+00:00,1,(),1
googlesamples/task-interop,task-interop,googlesamples,https://github.com/googlesamples/task-interop,,2020-11-16 15:27:53+00:00,2024-07-09 16:34:25+00:00,2024-07-09 16:34:21+00:00,96,Kotlin,9,6,8,6,9,False,6427,{'Kotlin': '100.00%'},8,8,0,8,7,0,7,4,14,2020-11-16 21:37:07+00:00,2024-07-09 16:34:21+00:00,1,(),3
googlesamples/subgraph_sdk_sample,subgraph_sdk_sample,googlesamples,https://github.com/googlesamples/subgraph_sdk_sample,,2022-12-15 03:54:35+00:00,2024-05-30 09:51:23+00:00,2024-03-25 16:29:58+00:00,289,Kotlin,1,6,3,6,1,False,11785,{'Kotlin': '100.00%'},0,0,0,0,0,0,0,0,14,2022-12-15 21:43:19+00:00,2024-03-25 14:30:16+00:00,1,(),1
googlesamples/zero-touch-enrollment-colabs,zero-touch-enrollment-colabs,googlesamples,https://github.com/googlesamples/zero-touch-enrollment-colabs,,2023-08-18 17:50:21+00:00,2024-05-30 10:08:35+00:00,2023-09-27 16:53:44+00:00,13,Jupyter Notebook,1,1,2,1,1,False,18098,{'Jupyter Notebook': '100.00%'},0,0,0,0,0,0,0,0,5,2023-08-18 18:50:22+00:00,2023-09-27 16:53:44+00:00,1,(),1
googlesamples/searchinapps-sample,searchinapps-sample,googlesamples,https://github.com/googlesamples/searchinapps-sample,,2024-03-04 17:10:42+00:00,2024-06-26 19:58:46+00:00,2024-06-26 19:58:42+00:00,161,Kotlin,2,2,8,2,2,False,26632,"{'Kotlin': '56.67%', 'Java': '43.33%'}",2,1,1,2,1,0,1,0,2,2024-03-04 18:32:25+00:00,2024-06-26 15:47:21+00:00,2,(),0
googlesamples/android-media-controller,android-media-controller,googlesamples,https://github.com/googlesamples/android-media-controller,,2017-06-22 19:17:37+00:00,2024-08-07 12:00:13+00:00,2023-11-09 11:19:02+00:00,12122,Kotlin,131,437,28,437,131,False,316296,"{'Kotlin': '63.81%', 'Java': '36.19%'}",50,42,8,50,37,4,41,34,181,2017-05-26 17:59:16+00:00,2023-11-09 11:19:02+00:00,2,(),17
googlesamples/engage-sdk-samples,engage-sdk-samples,googlesamples,https://github.com/googlesamples/engage-sdk-samples,"Set of sample apps that demonstrate how to integrate the SDK in your app to publish different types of content. These apps are a great way to learn how to use the SDK, to get started with the integration in your own app, as well as some best practices.",2023-08-25 04:18:25+00:00,2024-05-30 09:34:44+00:00,2024-04-05 17:17:29+00:00,286,Java,2,4,7,4,2,False,240386,"{'Java': '50.68%', 'Kotlin': '49.32%'}",3,2,1,3,2,1,3,2,9,2023-09-13 15:09:44+00:00,2024-04-05 07:18:39+00:00,2,(),2
googlesamples/android-vulkan-tutorials,android-vulkan-tutorials,googlesamples,https://github.com/googlesamples/android-vulkan-tutorials,A set of samples to illustrate Vulkan API on Android,2016-03-03 08:05:32+00:00,2024-08-07 11:24:41+00:00,2023-11-16 14:37:23+00:00,1141,C++,161,849,46,849,161,False,291515,"{'C++': '88.15%', 'C': '4.59%', 'CMake': '3.33%', 'Java': '1.99%', 'GLSL': '1.20%', 'Makefile': '0.74%'}",92,86,6,92,52,1,53,41,105,2016-02-11 18:52:52+00:00,2023-02-22 00:36:09+00:00,2,(),7
googlesamples/android-custom-lint-rules,android-custom-lint-rules,googlesamples,https://github.com/googlesamples/android-custom-lint-rules,This sample demonstrates how to create a custom lint checks and corresponding lint tests,2015-08-27 20:01:41+00:00,2024-08-08 20:10:50+00:00,2024-07-18 21:01:31+00:00,5925,Kotlin,170,949,38,949,170,False,17848,{'Kotlin': '100.00%'},92,70,22,92,55,2,57,49,116,2015-07-09 10:00:28+00:00,2024-07-18 21:01:28+00:00,3,(),14
googlesamples/glass-enterprise-samples,glass-enterprise-samples,googlesamples,https://github.com/googlesamples/glass-enterprise-samples,Glass Enterprise Edition 2 Samples,2020-01-15 05:41:57+00:00,2024-07-23 19:15:03+00:00,2023-03-15 17:16:51+00:00,733,Java,93,123,27,123,93,True,542450,"{'Java': '92.30%', 'Kotlin': '7.09%', 'Python': '0.46%', 'Shell': '0.15%'}",46,37,9,46,27,2,29,27,72,2018-10-17 19:50:25+00:00,2023-03-15 17:16:51+00:00,1,(),7
googlesamples/assistant-sdk-python,assistant-sdk-python,googlesamples,https://github.com/googlesamples/assistant-sdk-python,Samples and bindings for the Google Assistant API,2017-04-25 22:06:02+00:00,2024-07-30 05:55:25+00:00,2022-08-10 14:54:44+00:00,676,Python,322,914,91,914,322,True,113581,{'Python': '100.00%'},451,305,146,451,44,9,53,38,332,2017-02-08 23:08:35+00:00,2020-02-10 02:22:41+00:00,15,"('assistant', 'protocol-buffers', 'python')",15
googlesamples/vulkan-basic-samples,vulkan-basic-samples,googlesamples,https://github.com/googlesamples/vulkan-basic-samples,,2016-06-08 18:27:54+00:00,2024-08-02 05:04:02+00:00,2021-04-28 23:42:36+00:00,59920,C++,116,494,51,494,116,False,3355495,"{'C++': '77.78%', 'C': '14.90%', 'Python': '1.88%', 'CMake': '1.72%', 'Perl': '1.06%', 'HTML': '1.05%', 'GLSL': '0.67%', 'JavaScript': '0.63%', 'Shell': '0.24%', 'Batchfile': '0.06%', 'CSS': '0.03%'}",37,35,2,37,15,0,15,14,10404,2014-07-24 14:36:15+00:00,2021-04-28 22:07:02+00:00,1,(),134
googlesamples/google-services,google-services,googlesamples,https://github.com/googlesamples/google-services,A collection of quickstart samples demonstrating the Google APIs for Android and iOS,2015-05-20 22:45:11+00:00,2024-08-08 05:17:11+00:00,2024-04-30 05:41:31+00:00,9009,Java,2520,3041,286,3041,2520,False,149899,"{'Java': '50.12%', 'Objective-C': '28.81%', 'Swift': '19.26%', 'Objective-C++': '1.10%', 'Ruby': '0.46%', 'Shell': '0.25%'}",554,401,153,554,103,7,110,85,646,2015-04-01 06:57:17+00:00,2022-07-25 18:09:16+00:00,10,(),40
googlesamples/easypermissions,easypermissions,googlesamples,https://github.com/googlesamples/easypermissions,Simplify Android M system permissions,2015-12-22 18:05:53+00:00,2024-08-06 23:25:14+00:00,2023-08-01 18:11:12+00:00,635,Java,1458,9846,279,9846,1458,False,125849,{'Java': '100.00%'},357,318,39,357,114,4,118,90,184,2015-12-17 17:05:15+00:00,2021-04-26 11:16:54+00:00,17,"('android', 'android-library', 'permissions')",22
googlesamples/mlkit,mlkit,googlesamples,https://github.com/googlesamples/mlkit,A collection of sample apps to demonstrate how to use Google's ML Kit APIs on Android and iOS,2020-05-28 21:40:38+00:00,2024-08-06 10:20:03+00:00,2024-05-08 06:25:04+00:00,47813,Java,2906,3475,128,3475,2906,False,1961072,"{'Java': '31.48%', 'Kotlin': '28.80%', 'Objective-C': '23.74%', 'Swift': '14.77%', 'Jupyter Notebook': '0.69%', 'Ruby': '0.53%'}",795,653,142,795,71,1,72,35,490,2020-06-03 05:16:44+00:00,2024-04-05 22:35:07+00:00,1,"('barcode', 'barcode-scanner', 'face-detection', 'google', 'image-labeling', 'language-identification', 'ml-kit', 'mlkit', 'mlkit-android', 'object-detection', 'smart-reply', 'text-recognition', 'translation')",13
googlesamples/unity-jar-resolver,unity-jar-resolver,googlesamples,https://github.com/googlesamples/unity-jar-resolver,Unity plugin which resolves Android & iOS dependencies and performs version management,2016-01-14 11:09:11+00:00,2024-08-08 12:19:02+00:00,2024-08-02 22:57:20+00:00,253911,C#,339,1227,68,1227,339,False,1874859,"{'C#': '80.96%', 'Python': '18.64%', 'Shell': '0.40%'}",688,601,87,688,129,11,140,97,973,2015-11-25 02:28:00+00:00,2024-08-02 22:55:38+00:00,1,"('android-dependency', 'android-resolver', 'cocoapods', 'ios-resolver', 'jar-resolver', 'unity', 'unity-android', 'unity-ios', 'unity-package-manager', 'unity-plugin')",51
